Model,Phase,Accuracy,Accuracy_Std,Precision,Precision_Std,Recall,Recall_Std,F1,F1_Std
Naïve Bayes,Full_Training,0.8169934640522877,0.021379643442870775,0.7545929448834904,0.018210185205786093,0.9398692810457516,0.023163457708064508,0.8370256211334756,0.018873786092318736
Random Forest,Full_Training,0.8908496732026144,0.008420979559951072,0.895907920907921,0.014791919704654845,0.884967320261438,0.019651367814866556,0.8901551230513277,0.008999496949277479
SVM,Full_Training,0.8993464052287582,0.016586375869868632,0.9016665978255383,0.019281711504639133,0.8967320261437909,0.018670401120373485,0.8990906037597004,0.0164038067199448
KNN,Full_Training,0.7450980392156863,0.02292245479313751,0.6910642772795131,0.019101860352290417,0.8875816993464053,0.03443644411063918,0.7767750003521174,0.02059188481355865
AdaBoost,Full_Training,0.7457516339869281,0.025178248737592442,0.7413197076783671,0.02824340950420732,0.7594771241830065,0.07271076593554707,0.7477232783847357,0.03425776337948124
XGBoost,Full_Training,0.8529411764705882,0.019278276083336775,0.8486664371497064,0.015069863325747525,0.8588235294117647,0.025347345659693245,0.8536813959559494,0.020064302151948807
Neural Network - MLP,Full_Training,0.8967320261437909,0.029994232432898733,0.885757741372655,0.03842402134876538,0.9124183006535947,0.01876169946981351,0.8986841987808314,0.02773995714148753
