Model,Phase,Accuracy,Accuracy_Std,Precision,Precision_Std,Recall,Recall_Std,F1,F1_Std
Naïve Bayes,Without_Preprocessing,0.5546666666666666,0.010666666666666698,0.49704931671397423,0.16195421429809587,0.5546666666666666,0.010666666666666698,0.4084693044038188,0.02258767494232627
Random Forest,Without_Preprocessing,0.688,0.013597385369580769,0.6229136638361973,0.011774346512919528,0.688,0.013597385369580769,0.6241808952298664,0.017414852978953222
SVM,Without_Preprocessing,0.6773333333333333,0.015549205052920822,0.6120170952337269,0.01963242725810835,0.6773333333333333,0.015549205052920822,0.612779290035933,0.02162112522909995
KNN,Without_Preprocessing,0.6293333333333333,0.029694743268426808,0.5923633770160494,0.021672211822274946,0.6293333333333333,0.029694743268426808,0.6042166369725972,0.02352898915854499
AdaBoost,Without_Preprocessing,0.6853333333333332,0.019955506062794358,0.660127358808615,0.061833554779379435,0.6853333333333332,0.019955506062794358,0.6407770347986312,0.031154072022837848
XGBoost,Without_Preprocessing,0.648,0.023247461032216914,0.6119341504535457,0.031337154919790854,0.648,0.023247461032216914,0.61649583894358,0.017733224970710854
Neural Network - MLP,Without_Preprocessing,0.664,0.03199999999999999,0.6284648209032111,0.05977439467076702,0.664,0.03199999999999999,0.617918459421949,0.035107840749666344
