Model,Phase,Accuracy,Accuracy_Std,Precision,Precision_Std,Recall,Recall_Std,F1,F1_Std
Naïve Bayes,Full_Training,0.8163398692810458,0.021319616248758312,0.7537880366317735,0.018013063187398908,0.9398692810457516,0.023163457708064508,0.8365351476379086,0.018855505522565163
Random Forest,Full_Training,0.884967320261438,0.01986756098505967,0.8891804995753425,0.020457954627839236,0.8797385620915034,0.025347345659693203,0.8842962176708058,0.02027057101953442
SVM,Full_Training,0.8986928104575164,0.016009736880935783,0.9015606375606374,0.0191789418055281,0.8954248366013072,0.01801836438181731,0.8983740847393774,0.01578270995307496
KNN,Full_Training,0.7411764705882353,0.02141956811526002,0.6877891186788541,0.01922502002977012,0.884967320261438,0.03322422229317341,0.7736361460205189,0.018640878312990786
AdaBoost,Full_Training,0.7457516339869281,0.023692247007048174,0.7405875017081083,0.026514265352626847,0.7607843137254902,0.0714304632277869,0.7480806877157391,0.03315709269107612
XGBoost,Full_Training,0.8450980392156863,0.01912253442918667,0.8446421273073792,0.018080131466479535,0.8457516339869281,0.02323710958775317,0.8451367767039265,0.019534662726519155
Neural Network - MLP,Full_Training,0.9026143790849673,0.030823074830200244,0.8949331892987342,0.038992770678329736,0.9137254901960784,0.023163457708064505,0.9039921480994035,0.028995491985694222
