Model,Phase,Accuracy,Accuracy_Std,Precision,Precision_Std,Recall,Recall_Std,F1,F1_Std
Naïve Bayes,With_Preprocessing,0.5733333333333335,0.011925695879998855,0.6208854408224272,0.02703314147044773,0.5733333333333335,0.011925695879998855,0.4490355018295721,0.024883951469218735
Random Forest,With_Preprocessing,0.6826666666666668,0.017688665548562136,0.6184758786900671,0.014076285053866435,0.6826666666666668,0.017688665548562136,0.6205757291413011,0.019162943806336322
SVM,With_Preprocessing,0.6826666666666668,0.015549205052920819,0.7007999936218886,0.07790257269084257,0.6826666666666668,0.015549205052920819,0.6279532132537525,0.024928582242086696
KNN,With_Preprocessing,0.6346666666666667,0.04430199393556306,0.6085662109020669,0.019430533286091997,0.6346666666666667,0.04430199393556306,0.6137024434666863,0.031779329267043605
AdaBoost,With_Preprocessing,0.6906666666666667,0.027194770739161513,0.6950606908888226,0.05311185064803905,0.6906666666666667,0.027194770739161513,0.6483601802089345,0.036778859461549296
XGBoost,With_Preprocessing,0.656,0.025854292572887117,0.6260756512553564,0.046391690174014344,0.656,0.025854292572887117,0.6322282775975447,0.029934475964336668
Neural Network - MLP,With_Preprocessing,0.6426666666666666,0.049459298642643736,0.6190219849451737,0.05557865558992795,0.6426666666666666,0.049459298642643736,0.6116542306448598,0.06097872549377621
